,Accuracy,Precision,Recall,F1 Score
Model 3v2 (224x224),0.8839907192575406,0.9247572815533981,0.9525,0.9384236453201971
Model 3v2 (128x128),0.8557919621749409,0.9402597402597402,0.905,0.9222929936305734
Model 3 (224x224),0.8453159041394336,0.8453159041394336,1.0,0.9161747343565526
Model 3 (128x128),0.7590822179732314,0.7590822179732314,1.0,0.8630434782608697
Model 2 (128x128),0.5,0.5,1.0,0.6666666666666666
Model 2 (224x224),0.5,0.5,1.0,0.6666666666666666
Model 1 (224x224),0.3929663608562691,0.3929663608562691,1.0,0.5642151481888035
Model 1 (128x128),0.3564516129032258,0.3564516129032258,1.0,0.525564803804994
