,Accuracy,Precision,Recall,F1 Score
Model 3 (224x224),0.8841463414634146,0.8841463414634146,1.0,0.9385113268608414
Model 3v2 (224x224),0.875,0.9333333333333333,0.9333333333333333,0.9333333333333333
Model 3v2 (128x128),0.838006230529595,0.9275862068965517,0.8966666666666666,0.9118644067796611
Model 3 (128x128),0.7763157894736842,0.7763157894736842,1.0,0.8740740740740741
Model 2 (128x128),0.5,0.5,1.0,0.6666666666666666
Model 2 (224x224),0.5,0.5,1.0,0.6666666666666666
Model 1 (224x224),0.3739495798319328,0.3739495798319328,1.0,0.5443425076452599
Model 1 (128x128),0.3673036093418259,0.3673036093418259,1.0,0.5372670807453416
